Name,Price,Rating,Detail Link,Description
Be Mate Paseo de Gracia,€ 1.197,"Puntuación: 8,98,9",https://www.booking.com/hotel/es/be-mate-bcn-pg-115.es.html?label=gen173nr-1FCAEoggI46AdIClgEaEaIAQGYAQq4AQfIAQ_YAQHoAQH4AQKIAgGoAgO4Ao2l77wGwAIB0gIkNWZjMDNmOTEtZmI5OC00NTJiLWE2ZTAtZmRhZjhhNGQzZTBi2AIF4AIB&aid=304142&ucfs=1&arphpl=1&checkin=2025-03-22&checkout=2025-03-28&dest_id=-372490&dest_type=city&group_adults=2&req_adults=2&no_rooms=1&group_children=0&req_children=0&hpos=1&hapos=1&sr_order=popularity&srpvid=cd7f88cd780e06dc&srepoch=1738265247&all_sr_blocks=297780501_110184487_2_0_0&highlighted_blocks=297780501_110184487_2_0_0&matching_block_id=297780501_110184487_2_0_0&sr_pri_blocks=297780501_110184487_2_0_0__119706&from=searchresults,"El Be Mate Paseo de Gracia, situado en Barcelona, a 600 metros de La Pedrera, a menos de 1 km de la Casa Batlló, a unos 15 minutos a pie del Paseo de Gracia y cerca del Teatro Tivoli, ofrece jardín, terraza, conexión WiFi gratuita, servicio de enlace con el aeropuerto y servicio de alquiler de bicicletas.

Las habitaciones del hotel incluyen armario, TV de pantalla plana, hervidor de agua y baño privado. Algunas cuentan con balcón, y otras disponen de vistas al jardín.

La plaza de Cataluña se encuentra a 2,1 km y el aeropuerto de Barcelona El Prat queda a 16 km del establecimiento."
Hotel Condado,€ 733,"Puntuación: 8,58,5",https://www.booking.com/hotel/es/condado.es.html?label=gen173nr-1FCAEoggI46AdIClgEaEaIAQGYAQq4AQfIAQ_YAQHoAQH4AQKIAgGoAgO4Ao2l77wGwAIB0gIkNWZjMDNmOTEtZmI5OC00NTJiLWE2ZTAtZmRhZjhhNGQzZTBi2AIF4AIB&aid=304142&ucfs=1&arphpl=1&checkin=2025-03-22&checkout=2025-03-28&dest_id=-372490&dest_type=city&group_adults=2&req_adults=2&no_rooms=1&group_children=0&req_children=0&hpos=2&hapos=2&sr_order=popularity&srpvid=cd7f88cd780e06dc&srepoch=1738265247&all_sr_blocks=9040002_0_2_0_0&highlighted_blocks=9040002_0_2_0_0&matching_block_id=9040002_0_2_0_0&sr_pri_blocks=9040002_0_2_0_0__73337&from=searchresults,"El Hotel Condado se encuentra a 200 metros de la avenida Diagonal de Barcelona y a 10 minutos a pie de la estación de metro de Diagonal. Ofrece habitaciones elegantes con aire acondicionado, TV vía satélite y conexión Wi-Fi gratuita.

Las habitaciones del Condado también cuentan con calefacción y baño privado con secador de pelo y artículos de aseo. Disponen de caja fuerte y un escritorio con un cable LAN para conectarse a internet de forma gratuita.

El desayuno se sirve en la cafetería del hotel, aunque también podrá tomarlo en su habitación.

El hotel dispone de recepción 24 horas y de mostrador de información turística, donde podrá alquilar un coche.

La Pedrera y la Casa Batlló, situadas en el paseo de Gracia, están a pocos pasos."
El Jardi,€ 810,"Puntuación: 7,47,4",https://www.booking.com/hotel/es/el-jardi.es.html?label=gen173nr-1FCAEoggI46AdIClgEaEaIAQGYAQq4AQfIAQ_YAQHoAQH4AQKIAgGoAgO4Ao2l77wGwAIB0gIkNWZjMDNmOTEtZmI5OC00NTJiLWE2ZTAtZmRhZjhhNGQzZTBi2AIF4AIB&aid=304142&ucfs=1&arphpl=1&checkin=2025-03-22&checkout=2025-03-28&dest_id=-372490&dest_type=city&group_adults=2&req_adults=2&no_rooms=1&group_children=0&req_children=0&hpos=3&hapos=3&sr_order=popularity&srpvid=cd7f88cd780e06dc&srepoch=1738265247&all_sr_blocks=32072707_377691001_0_2_0&highlighted_blocks=32072707_377691001_0_2_0&matching_block_id=32072707_377691001_0_2_0&sr_pri_blocks=32072707_377691001_0_2_0__81000&from=searchresults,"El Jardi se encuentra en la plaza del Pi, en el corazón del Barrio Gótico de Barcelona. Todas las habitaciones tienen aire acondicionado, caja fuerte y TV, y la mayoría albergan un balcón privado con vistas a la plaza.

El Jardi está a solo 2 minutos a pie de las Ramblas y a 170 metros de la estación de metro de Liceu. En las inmediaciones hay numerosos restaurantes y bares.

El hotel ofrece conexión Wi-Fi gratuita en todo el establecimiento, recepción 24 horas y máquina expendedora.

El Jardi se inauguró en 1860 y fue muy popular entre los artistas. Hoy día conserva muchas de sus características históricas y gran parte de su encanto original."
Hotel Market,€ 767,"Puntuación: 7,67,6",https://www.booking.com/hotel/es/market.es.html?label=gen173nr-1FCAEoggI46AdIClgEaEaIAQGYAQq4AQfIAQ_YAQHoAQH4AQKIAgGoAgO4Ao2l77wGwAIB0gIkNWZjMDNmOTEtZmI5OC00NTJiLWE2ZTAtZmRhZjhhNGQzZTBi2AIF4AIB&aid=304142&ucfs=1&arphpl=1&checkin=2025-03-22&checkout=2025-03-28&dest_id=-372490&dest_type=city&group_adults=2&req_adults=2&no_rooms=1&group_children=0&req_children=0&hpos=4&hapos=4&sr_order=popularity&srpvid=cd7f88cd780e06dc&srepoch=1738265247&all_sr_blocks=9411113_88195485_0_0_0&highlighted_blocks=9411113_88195485_0_0_0&matching_block_id=9411113_88195485_0_0_0&sr_pri_blocks=9411113_88195485_0_0_0__76710&from=searchresults,"El Hotel Market se encuentra en Barcelona, junto al mercado de San Antonio y ​​a 10 minutos a pie del Museo de Arte Contemporáneo MACBA. El establecimiento ofrece habitaciones elegantes con ducha de efecto lluvia y WiFi gratuita. También alberga un restaurante muy frecuentado.

Las habitaciones del Market Hotel presentan una decoración moderna y constan de vigas de madera oscura, paredes blancas y ventanas grandes. Todas las habitaciones incluyen baño privado. Algunas habitaciones cuentan con balcón o terraza.

El establecimiento se halla a 15 minutos a pie de la plaza de España y de la plaza Catalunya. Asimismo, el hotel está ubicado a unos 200 metros de la estación de metro Sant Antoni y a solo 2 minutos a pie de la parada del autobús que proporciona conexiones con el aeropuerto.

El restaurante del Market Hotel está especializado en platos de arroz y sirve una selección de platos de la cocina catalana moderna en un ambiente elegante."
Hotel Viladomat,€ 866,"Puntuación: 7,67,6",https://www.booking.com/hotel/es/hotel-viladomat.es.html?label=gen173nr-1FCAEoggI46AdIClgEaEaIAQGYAQq4AQfIAQ_YAQHoAQH4AQKIAgGoAgO4Ao2l77wGwAIB0gIkNWZjMDNmOTEtZmI5OC00NTJiLWE2ZTAtZmRhZjhhNGQzZTBi2AIF4AIB&aid=304142&ucfs=1&arphpl=1&checkin=2025-03-22&checkout=2025-03-28&dest_id=-372490&dest_type=city&group_adults=2&req_adults=2&no_rooms=1&group_children=0&req_children=0&hpos=5&hapos=5&sr_order=popularity&srpvid=cd7f88cd780e06dc&srepoch=1738265247&all_sr_blocks=9046608_363292531_2_2_0&highlighted_blocks=9046608_363292531_2_2_0&matching_block_id=9046608_363292531_2_2_0&sr_pri_blocks=9046608_363292531_2_2_0__86600&from=searchresults,"El Hotel Viladomat goza de una ubicación idónea en Barcelona, a menos de 10 minutos a pie de la estación de metro Hospital Clinic. Ofrece WiFi gratuita y bar.

Todas las habitaciones disponen de aire acondicionado, TV vía satélite, caja fuerte, escritorio y minibar. El baño privado incluye bañera, ducha, secador de pelo y artículos de aseo gratuitos.

El Hotel Viladomat cuenta con recepción 24 horas y servicio de venta de entradas. Además, se proporciona servicio de enlace con el aeropuerto por un suplemento y consigna de equipaje.

Está a 20 minutos a pie de la Plaza Catalunya y de las famosas Ramblas de Barcelona. Si lo desea, el personal puede proporcionarle información sobre la ciudad y los principales lugares de interés. El Hotel Viladomat se encuentra a 1 km de la estación de Sants, con servicio directo al aeropuerto de Barcelona."
Moxy Barcelona,€ 809,"Puntuación: 8,18,1",https://www.booking.com/hotel/es/expo-barcelona.es.html?label=gen173nr-1FCAEoggI46AdIClgEaEaIAQGYAQq4AQfIAQ_YAQHoAQH4AQKIAgGoAgO4Ao2l77wGwAIB0gIkNWZjMDNmOTEtZmI5OC00NTJiLWE2ZTAtZmRhZjhhNGQzZTBi2AIF4AIB&aid=304142&ucfs=1&arphpl=1&checkin=2025-03-22&checkout=2025-03-28&dest_id=-372490&dest_type=city&group_adults=2&req_adults=2&no_rooms=1&group_children=0&req_children=0&hpos=6&hapos=6&sr_order=popularity&srpvid=cd7f88cd780e06dc&srepoch=1738265247&all_sr_blocks=9197175_88192220_0_42_0&highlighted_blocks=9197175_88192220_0_42_0&matching_block_id=9197175_88192220_0_42_0&sr_pri_blocks=9197175_88192220_0_42_0__80894&from=searchresults,"Moxy Barcelona dispone de piscina de temporada al aire libre, centro de fitness, restaurante y bar en Barcelona. Este hotel de 4 estrellas ofrece servicio de habitaciones, recepción 24 horas y wifi gratis. El alojamiento ofrece centro de negocios, servicio de conserjería y cambio de moneda.

El hotel ofrece habitaciones con aire acondicionado, escritorio, caja fuerte, TV de pantalla plana, balcón y baño privado con ducha. En Moxy Barcelona, cada habitación incluye ropa de cama y toallas.

En el alojamiento se puede disfrutar de un desayuno buffet, continental o sin gluten.

Estación de tren de Sants está a 5 min a pie del alojamiento, y Fuente Mágica de Montjuïc está a 1,3 km. El aeropuerto (Aeropuerto de Barcelona - El Prat) está a 11 km."
Hostal Nuevo Colon,€ 612,"Puntuación: 7,57,5",https://www.booking.com/hotel/es/hostal-nuevo-colon.es.html?label=gen173nr-1FCAEoggI46AdIClgEaEaIAQGYAQq4AQfIAQ_YAQHoAQH4AQKIAgGoAgO4Ao2l77wGwAIB0gIkNWZjMDNmOTEtZmI5OC00NTJiLWE2ZTAtZmRhZjhhNGQzZTBi2AIF4AIB&aid=304142&ucfs=1&arphpl=1&checkin=2025-03-22&checkout=2025-03-28&dest_id=-372490&dest_type=city&group_adults=2&req_adults=2&no_rooms=1&group_children=0&req_children=0&hpos=7&hapos=7&sr_order=popularity&srpvid=cd7f88cd780e06dc&srepoch=1738265247&all_sr_blocks=23667503_394289841_0_0_0&highlighted_blocks=23667503_394289841_0_0_0&matching_block_id=23667503_394289841_0_0_0&sr_pri_blocks=23667503_394289841_0_0_0__61200&from=searchresults,"El Hostal Nuevo Colón se encuentra en el histórico barrio del Born, al lado del parque de la Ciutadella y a un corto paseo de la playa de la Barceloneta. Tiene WiFi gratuita y recepción las 24 horas.

El Nuevo Colón queda a poca distancia a pie del Museo Picasso y de la catedral. La estación de metro Barceloneta se halla a 500 metros, mientras que la estación de tren Barcelona-Estació de França está justo enfrente.

Los huéspedes podrán elegir entre habitaciones con baño privado o compartido. Todas las habitaciones incluyen calefacción y algunas tienen ventilador o balcón.

El Hostal Nuevo Colón ofrece consigna de equipaje, caja fuerte y servicio de información turística en recepción."
H La Paloma Boutique,€ 647,"Puntuación: 8,08,0",https://www.booking.com/hotel/es/h-la-paloma.es.html?label=gen173nr-1FCAEoggI46AdIClgEaEaIAQGYAQq4AQfIAQ_YAQHoAQH4AQKIAgGoAgO4Ao2l77wGwAIB0gIkNWZjMDNmOTEtZmI5OC00NTJiLWE2ZTAtZmRhZjhhNGQzZTBi2AIF4AIB&aid=304142&ucfs=1&arphpl=1&checkin=2025-03-22&checkout=2025-03-28&dest_id=-372490&dest_type=city&group_adults=2&req_adults=2&no_rooms=1&group_children=0&req_children=0&hpos=8&hapos=8&sr_order=popularity&srpvid=cd7f88cd780e06dc&srepoch=1738265247&all_sr_blocks=90133605_93215977_0_0_0&highlighted_blocks=90133605_93215977_0_0_0&matching_block_id=90133605_93215977_0_0_0&sr_pri_blocks=90133605_93215977_0_0_0__64694&from=searchresults,"El H La Paloma Boutique se encuentra en el barrio del Raval, a solo 200 metros del mercado de Sant Antoni.
 Las habitaciones del H La Paloma Boutique presentan una decoración moderna y elegante.
Cuentan con 1 cama extragrande, conexión WiFi gratuita, smart TV y baño privado con secador de pelo y artículos de aseo gratuitos. También cuentan con aparcamiento privado y servicio de habitaciones las 24 horas.
El H La Paloma Boutique goza de una ubicación ideal para visitar los principales centros de interés a pie, ya que se encuentra a 600 metros del Museo de Arte Moderno MACBA y a solo 5 minutos a pie del paseo de Gracia, la plaza de Cataluña y Las Ramblas.
Las estaciones de metro de Sant Antoni y Universidad están a pocos metros."
BCN Urbaness Hotels Del Comte,€ 732,"Puntuación: 7,67,6",https://www.booking.com/hotel/es/delcomte.es.html?label=gen173nr-1FCAEoggI46AdIClgEaEaIAQGYAQq4AQfIAQ_YAQHoAQH4AQKIAgGoAgO4Ao2l77wGwAIB0gIkNWZjMDNmOTEtZmI5OC00NTJiLWE2ZTAtZmRhZjhhNGQzZTBi2AIF4AIB&aid=304142&ucfs=1&arphpl=1&checkin=2025-03-22&checkout=2025-03-28&dest_id=-372490&dest_type=city&group_adults=2&req_adults=2&no_rooms=1&group_children=0&req_children=0&hpos=9&hapos=9&sr_order=popularity&srpvid=cd7f88cd780e06dc&srepoch=1738265247&all_sr_blocks=9106015_0_2_0_0&highlighted_blocks=9106015_0_2_0_0&matching_block_id=9106015_0_2_0_0&sr_pri_blocks=9106015_0_2_0_0__73221&from=searchresults,"El Hotel Del Comte está situado en Barcelona, a 100 metros de la estación de metro de Urgell y a 15 minutos a pie de la Rambla y de la plaza de España. Ofrece habitaciones modernas con WiFi gratuita y TV de pantalla plana vía satélite.

Las habitaciones del hotel Del Comte presentan suelo de parquet y un diseño elegante. Están equipadas con aire acondicionado, escritorio y baño privado con secador de pelo.

El personal de la recepción del Del Comte Hotel, abierta las 24 horas, puede facilitar información turística sobre Barcelona.

Hay una parada de autobús a solo 3 minutos a pie del hotel Del Comte, que conecta con el aeropuerto de Barcelona-El Prat. Además, el establecimiento se encuentra a tan solo 2 paradas de metro de la plaça de Catalunya, la plaza principal de Barcelona."
Acta Antibes,€ 904,"Puntuación: 8,58,5",https://www.booking.com/hotel/es/hotelantibesbarcelona.es.html?label=gen173nr-1FCAEoggI46AdIClgEaEaIAQGYAQq4AQfIAQ_YAQHoAQH4AQKIAgGoAgO4Ao2l77wGwAIB0gIkNWZjMDNmOTEtZmI5OC00NTJiLWE2ZTAtZmRhZjhhNGQzZTBi2AIF4AIB&aid=304142&ucfs=1&arphpl=1&checkin=2025-03-22&checkout=2025-03-28&dest_id=-372490&dest_type=city&group_adults=2&req_adults=2&no_rooms=1&group_children=0&req_children=0&hpos=10&hapos=10&sr_order=popularity&srpvid=cd7f88cd780e06dc&srepoch=1738265247&all_sr_blocks=9131901_138954125_0_2_0&highlighted_blocks=9131901_138954125_0_2_0&matching_block_id=9131901_138954125_0_2_0&sr_pri_blocks=9131901_138954125_0_2_0__90411&from=searchresults,"El Acta Antibes está en el distrito del Eixample de Barcelona, a 10 minutos a pie de la Sagrada Familia. Este hotel ofrece recepción 24 horas, desayuno buffet y WiFi gratuita.

Todas las habitaciones del Acta Antibes presentan una decoración sencilla y elegante. Las habitaciones incluyen aire acondicionado, TV y escritorio.

El Antibes dispone de consigna de equipaje. También se ofrecen desayunos sin gluten, bajo petición.

El hotel está bien situado para visitar lugares de interés como la Casa Batlló y La Pedrera de Gaudí, ubicados a unos 20 minutos a pie.

La plaza Cataluña y las Ramblas se encuentran a poco más de 1 km. La estación de metro más cercana, Monumental, está a solo 200 metros del hotel."
Catalonia Diagonal Centro,€ 1.025,"Puntuación: 8,78,7",https://www.booking.com/hotel/es/catalonia-diagonal-centro.es.html?label=gen173nr-1FCAEoggI46AdIClgEaEaIAQGYAQq4AQfIAQ_YAQHoAQH4AQKIAgGoAgO4Ao2l77wGwAIB0gIkNWZjMDNmOTEtZmI5OC00NTJiLWE2ZTAtZmRhZjhhNGQzZTBi2AIF4AIB&aid=304142&ucfs=1&arphpl=1&checkin=2025-03-22&checkout=2025-03-28&dest_id=-372490&dest_type=city&group_adults=2&req_adults=2&no_rooms=1&group_children=0&req_children=0&hpos=11&hapos=11&sr_order=popularity&srpvid=cd7f88cd780e06dc&srepoch=1738265247&all_sr_blocks=9058108_194625034_0_2_0&highlighted_blocks=9058108_194625034_0_2_0&matching_block_id=9058108_194625034_0_2_0&sr_pri_blocks=9058108_194625034_0_2_0__102524&from_sustainable_property_sr=1&from=searchresults,"El Catalonia Diagonal Centro se encuentra en pleno centro del barrio barcelonés del Eixample, a 300 metros de la estación de metro Diagonal. Cuenta con piscina de temporada al aire libre y WiFi gratuita en todas las instalaciones.

El Catalonia Diagonal Centro ofrece alojamiento cómodo y moderno cerca de los lugares más famosos de Barcelona.

Se halla a 300 metros de La Pedrera, en la avenida Passeig de Gràcia, una de las creaciones más famosas de Gaudí. Está cerca de los edificios modernistas, la plaza Catalunya y Las Ramblas.

Las elegantes habitaciones incluyen muebles modernos de madera y baño de mármol. Disponen de TV vía satélite y WiFi gratuita.

El hotel está a unos pasos del barrio de Gràcia, con sus tiendas bohemias, sus plazas arboladas y su gran número de bares y restaurantes. En las inmediaciones hay varias paradas de metro y autobús que permiten acceder fácilmente al resto de la ciudad. Las habitaciones incluyen TV inteligente con Chromecast."
Acta BCN 40,€ 830,"Puntuación: 8,48,4",https://www.booking.com/hotel/es/40.es.html?label=gen173nr-1FCAEoggI46AdIClgEaEaIAQGYAQq4AQfIAQ_YAQHoAQH4AQKIAgGoAgO4Ao2l77wGwAIB0gIkNWZjMDNmOTEtZmI5OC00NTJiLWE2ZTAtZmRhZjhhNGQzZTBi2AIF4AIB&aid=304142&ucfs=1&arphpl=1&checkin=2025-03-22&checkout=2025-03-28&dest_id=-372490&dest_type=city&group_adults=2&req_adults=2&no_rooms=1&group_children=0&req_children=0&hpos=12&hapos=12&sr_order=popularity&srpvid=cd7f88cd780e06dc&srepoch=1738265247&all_sr_blocks=9387209_0_2_0_0&highlighted_blocks=9387209_0_2_0_0&matching_block_id=9387209_0_2_0_0&sr_pri_blocks=9387209_0_2_0_0__83017&from=searchresults,"El Acta BCN 40 Hotel se encuentra en el centro de Barcelona, a 350 metros de la plaza de La Universidad y a 5 minutos a pie de Las Ramblas. Sus modernas habitaciones incluyen TV de pantalla plana vía satélite.

Las habitaciones del Acta tienen caja fuerte gratuita, aire acondicionado en verano, calefacción en invierno, y baño privado con secador de pelo y artículos de aseo. Se puede solicitar una plancha en la recepción.

El hotel sirve desayuno buffet abundante en su elegante comedor, y está a pocos minutos a pie de muchos bares, tiendas y restaurantes. Hay desayuno sin gluten bajo petición.

El Acta BCN 40 cuenta con recepción 24 horas y consigna de equipaje. Hay aparcamiento cerca por un suplemento."
Chic & Basic Velvet,€ 859,"Puntuación: 8,28,2",https://www.booking.com/hotel/es/santangelo-barcelona.es.html?label=gen173nr-1FCAEoggI46AdIClgEaEaIAQGYAQq4AQfIAQ_YAQHoAQH4AQKIAgGoAgO4Ao2l77wGwAIB0gIkNWZjMDNmOTEtZmI5OC00NTJiLWE2ZTAtZmRhZjhhNGQzZTBi2AIF4AIB&aid=304142&ucfs=1&arphpl=1&checkin=2025-03-22&checkout=2025-03-28&dest_id=-372490&dest_type=city&group_adults=2&req_adults=2&no_rooms=1&group_children=0&req_children=0&hpos=13&hapos=13&sr_order=popularity&srpvid=cd7f88cd780e06dc&srepoch=1738265247&all_sr_blocks=9096602_362850202_0_2_0&highlighted_blocks=9096602_362850202_0_2_0&matching_block_id=9096602_362850202_0_2_0&sr_pri_blocks=9096602_362850202_0_2_0__85900&from_sustainable_property_sr=1&from=searchresults,"Este moderno hotel presenta una decoración de la década de 1950 y ofrece habitaciones con aire acondicionado, WiFi gratuita y TV de pantalla plana vía satélite. La plaza Espanya de Barcelona está a 8 minutos a pie.

Las habitaciones del Chic & Basic Velvet presentan una decoración elegante con suelo de parquet e incluyen baño privado con secador de pelo y artículos de aseo gratuitos.

El hotel sirve un desayuno buffet diario en el comedor y los huéspedes pueden tomar bebidas en el bar de autoservicio, que tiene acceso directo a la terraza.

Además, a 10 minutos a pie hay una gran variedad de restaurantes.

El Chic & Basic Velvet está a solo 10 minutos a pie del centro de convenciones Fira, de la parada de autobús del aeropuerto y de Montjüic, que alberga el Museo Joan Miró y la Fuente Mágica."
Hostal Paris,€ 831,"Puntuación: 8,08,0",https://www.booking.com/hotel/es/hostal-paris-barna.es.html?label=gen173nr-1FCAEoggI46AdIClgEaEaIAQGYAQq4AQfIAQ_YAQHoAQH4AQKIAgGoAgO4Ao2l77wGwAIB0gIkNWZjMDNmOTEtZmI5OC00NTJiLWE2ZTAtZmRhZjhhNGQzZTBi2AIF4AIB&aid=304142&ucfs=1&arphpl=1&checkin=2025-03-22&checkout=2025-03-28&dest_id=-372490&dest_type=city&group_adults=2&req_adults=2&no_rooms=1&group_children=0&req_children=0&hpos=14&hapos=14&sr_order=popularity&srpvid=cd7f88cd780e06dc&srepoch=1738265247&all_sr_blocks=27663101_270931030_0_42_0&highlighted_blocks=27663101_270931030_0_42_0&matching_block_id=27663101_270931030_0_42_0&sr_pri_blocks=27663101_270931030_0_42_0__83100&from=searchresults,"El Hostal Paris se encuentra en el centro de Barcelona, frente a la estación de metro Liceu, en Las Ramblas. El hostal ofrece alojamiento con una buena relación calidad precio, aire acondicionado de temporada, TV y WiFi gratuita.

La recepción del Paris está abierta las 24 horas. El mostrador de información turística ofrece información útil sobre Barcelona y sus numerosos lugares de interés, como la Sagrada Familia.

Además, el Paris Hostal cuenta con máquinas expendedoras de bebidas y aperitivos. El alojamiento está situado a 5 minutos a pie de numerosos restaurantes y bares. Asimismo, el establecimiento se halla a 100 metros del mercado de la Boquería."
Axel TWO Barcelona 4 Sup - Adults Only,€ 843,"Puntuación: 8,38,3",https://www.booking.com/hotel/es/two-barcelona-by-axel.es.html?label=gen173nr-1FCAEoggI46AdIClgEaEaIAQGYAQq4AQfIAQ_YAQHoAQH4AQKIAgGoAgO4Ao2l77wGwAIB0gIkNWZjMDNmOTEtZmI5OC00NTJiLWE2ZTAtZmRhZjhhNGQzZTBi2AIF4AIB&aid=304142&ucfs=1&arphpl=1&checkin=2025-03-22&checkout=2025-03-28&dest_id=-372490&dest_type=city&group_adults=2&req_adults=2&no_rooms=1&group_children=0&req_children=0&hpos=15&hapos=15&sr_order=popularity&srpvid=cd7f88cd780e06dc&srepoch=1738265247&all_sr_blocks=131688502_0_2_0_0&highlighted_blocks=131688502_0_2_0_0&matching_block_id=131688502_0_2_0_0&sr_pri_blocks=131688502_0_2_0_0__84338&from=searchresults,"El TWO Hotel Barcelona by Axel está situado en pleno barrio gay de Barcelona, a 2 km de la playa de la Barceloneta, y alberga una piscina en la azotea con solárium amplio.

Este hotel hetero friendly proporciona aparcamiento privado. También incluye recepción 24 horas y mostrador de información turística, donde se ofrece información sobre la ciudad y la zona gay. Además, la azotea alberga el bar Sky, un gimnasio, un baño de vapor y una sala de masajes.

Las habitaciones están equipadas con aire acondicionado y minibar. El baño es privado y consta de ducha y secador de pelo. Además, las habitaciones incluyen caja fuerte y cargador universal para teléfonos móviles.

El alojamiento alberga un bar en la azotea con vistas impresionantes a la ciudad, así como un bar salón donde se preparan cócteles fabulosos. El alojamiento sirve un desayuno buffet todas las mañanas y ofrece WiFi gratuita de alta velocidad en todas las instalaciones.

El personal puede facilitar información sobre la zona de los alrededores, conocida como “Gayxample” debido a su animado ocio nocturno gay.

El hotel se encuentra a 2 minutos a pie de la estación de metro de Rocafort y a 10 minutos a pie de la plaza España, que ofrece enlace directo en autobús con el aeropuerto de Barcelona. El TWO Hotel Barcelona by Axel se encuentra a 1,3 km de la avenida del Paralelo, repleta de bares, restaurantes, discotecas y teatros."
Pensión Villanueva,€ 497,"Puntuación: 7,27,2",https://www.booking.com/hotel/es/pension-villanueva-barcelona.es.html?label=gen173nr-1FCAEoggI46AdIClgEaEaIAQGYAQq4AQfIAQ_YAQHoAQH4AQKIAgGoAgO4Ao2l77wGwAIB0gIkNWZjMDNmOTEtZmI5OC00NTJiLWE2ZTAtZmRhZjhhNGQzZTBi2AIF4AIB&aid=304142&ucfs=1&arphpl=1&checkin=2025-03-22&checkout=2025-03-28&dest_id=-372490&dest_type=city&group_adults=2&req_adults=2&no_rooms=1&group_children=0&req_children=0&hpos=16&hapos=16&sr_order=popularity&srpvid=cd7f88cd780e06dc&srepoch=1738265247&all_sr_blocks=49295205_96918595_0_0_0&highlighted_blocks=49295205_96918595_0_0_0&matching_block_id=49295205_96918595_0_0_0&sr_pri_blocks=49295205_96918595_0_0_0__49665&from=searchresults,"Pensión Villanueva es un alojamiento de 2 estrellas con una buena ubicación en Barcelona, cerca de Plaza Cataluña y de Portal del Ángel. El alojamiento se encuentra a 2,2 km de Platja de Sant Sebastià, a 2,2 km de Platja de Sant Miquel y a 2,2 km de Platja del Somorrostro. Hay wifi gratis y se ofrece parking privado por un suplemento.

En el hostal o pensión, todas las habitaciones están equipadas con armario. En Pensión Villanueva, todas las habitaciones disponen de ropa de cama y toallas.

Cerca del alojamiento hay puntos de interés como Teatro Tívoli, Palacio de la Música Catalana y Paseo de Gracia. El aeropuerto (Aeropuerto de Barcelona - El Prat) está a 13 km."
Four Points by Sheraton Barcelona Airport,€ 598,"Puntuación: 8,78,7",https://www.booking.com/hotel/es/four-points-by-sheraton-barcelona-airport.es.html?label=gen173nr-1FCAEoggI46AdIClgEaEaIAQGYAQq4AQfIAQ_YAQHoAQH4AQKIAgGoAgO4Ao2l77wGwAIB0gIkNWZjMDNmOTEtZmI5OC00NTJiLWE2ZTAtZmRhZjhhNGQzZTBi2AIF4AIB&aid=304142&ucfs=1&arphpl=1&checkin=2025-03-22&checkout=2025-03-28&dest_id=-372490&dest_type=city&group_adults=2&req_adults=2&no_rooms=1&group_children=0&req_children=0&hpos=17&hapos=17&sr_order=popularity&srpvid=cd7f88cd780e06dc&srepoch=1738265247&all_sr_blocks=1239003205_395912064_0_2_0&highlighted_blocks=1239003205_395912064_0_2_0&matching_block_id=1239003205_395912064_0_2_0&sr_pri_blocks=1239003205_395912064_0_2_0__59784&from=searchresults,"Four Points by Sheraton Barcelona Airport está en Barcelona, a 16 km de Fuente Mágica de Montjuïc, y dispone de alojamiento con piscina de temporada al aire libre, parking privado, centro de fitness y terraza. El alojamiento está a unos 16 km de Palau Sant Jordi, a 16 km de Camp Nou y a 18 km de Estación de tren de Sants. Se puede comer algo en el restaurante o tomar algo en el bar, y hay wifi gratis.

El hotel ofrece habitaciones con aire acondicionado, escritorio, caja fuerte, TV de pantalla plana y baño privado con ducha. En Four Points by Sheraton Barcelona Airport, las habitaciones incluyen ropa de cama y toallas.

En el alojamiento se puede disfrutar de un desayuno buffet.

En la recepción 24 horas se habla catalán, inglés, español y francés, y el personal está dispuesto a ayudar en cualquier momento.

Montjuïc está a 18 km del alojamiento, y Casa Batlló está a 18 km. El aeropuerto (Aeropuerto de Barcelona - El Prat) está a 5 km."
Catalonia Albeniz,€ 896,"Puntuación: 8,48,4",https://www.booking.com/hotel/es/cataloniaalbeniz.es.html?label=gen173nr-1FCAEoggI46AdIClgEaEaIAQGYAQq4AQfIAQ_YAQHoAQH4AQKIAgGoAgO4Ao2l77wGwAIB0gIkNWZjMDNmOTEtZmI5OC00NTJiLWE2ZTAtZmRhZjhhNGQzZTBi2AIF4AIB&aid=304142&ucfs=1&arphpl=1&checkin=2025-03-22&checkout=2025-03-28&dest_id=-372490&dest_type=city&group_adults=2&req_adults=2&no_rooms=1&group_children=0&req_children=0&hpos=18&hapos=18&sr_order=popularity&srpvid=cd7f88cd780e06dc&srepoch=1738265247&all_sr_blocks=9059005_194594649_0_2_0&highlighted_blocks=9059005_194594649_0_2_0&matching_block_id=9059005_194594649_0_2_0&sr_pri_blocks=9059005_194594649_0_2_0__89600&from_sustainable_property_sr=1&from=searchresults,"El Catalonia Albeniz ofrece habitaciones amplias con aire acondicionado, WiFi gratuita y TV vía satélite. El establecimiento se encuentra a 150 metros de la estación de tren de Clot y a 15 minutos a pie de la Sagrada Familia de Gaudí.

El alojamiento cuenta con gimnasio y piscina al aire libre. El Albeniz también ofrece consigna de equipaje.

El Catalonia Albeniz sirve un desayuno buffet variado que incluye platos típicos de la zona, como tortilla de patata y pan con tomate.

Las habitaciones del Albeniz son luminosas, presentan una decoración sencilla en estilo moderno y cuentan con suelo de madera. Todas las habitaciones incluyen minibar, caja fuerte y baño de mármol con secador de pelo.

El Catalonia Albeniz se halla a solo 700 metros de las tiendas y restaurantes del centro comercial Glòries y a 5 minutos a pie del mercadillo de Els Encants. El alojamiento está situado a poca distancia a pie de la estación del Clot, que proporciona conexiones en metro y servicio de tren directo al aeropuerto. Todas las habitaciones del hotel tienen Smart TV con aplicación Chromecast."
Casual Colours Barcelona,€ 772,"Puntuación: 8,38,3",https://www.booking.com/hotel/es/prisma.es.html?label=gen173nr-1FCAEoggI46AdIClgEaEaIAQGYAQq4AQfIAQ_YAQHoAQH4AQKIAgGoAgO4Ao2l77wGwAIB0gIkNWZjMDNmOTEtZmI5OC00NTJiLWE2ZTAtZmRhZjhhNGQzZTBi2AIF4AIB&aid=304142&ucfs=1&arphpl=1&checkin=2025-03-22&checkout=2025-03-28&dest_id=-372490&dest_type=city&group_adults=2&req_adults=2&no_rooms=1&group_children=0&req_children=0&hpos=19&hapos=19&sr_order=popularity&srpvid=cd7f88cd780e06dc&srepoch=1738265247&all_sr_blocks=9043741_402405337_2_2_0&highlighted_blocks=9043741_402405337_2_2_0&matching_block_id=9043741_402405337_2_2_0&sr_pri_blocks=9043741_402405337_2_2_0__77216&from=searchresults,"El Casual Colours Barcelona está situado a unos 10 minutos a pie de la estación de tren de Barcelona Sants y a 200 metros de la avenida Diagonal. Este hotel funcional ofrece habitaciones confortables y WiFi gratuita.

El Casual Colors presenta una decoración sencilla y atractiva. Cada habitación dispone de aire acondicionado, TV y minibar.

El establecimiento está bien comunicado con los principales lugares de interés de Barcelona. Las Ramblas y el centro histórico de la ciudad quedan a unos 15 minutos desde las estaciones de metro Sants o Entença.

El hotel sirve un desayuno buffet a diario. El personal de la recepción 24 horas puede gestionar reservas en restaurantes o facilitar información práctica sobre los lugares de interés de la ciudad.

La estación de metro Sants enlaza con el Centro de Exposiciones Fira y la plaza de España en solo 3 paradas. El autobús que lleva al aeropuerto para aquí."
Hotel Acta Laumon,€ 816,"Puntuación: 8,28,2",https://www.booking.com/hotel/es/laumon.es.html?label=gen173nr-1FCAEoggI46AdIClgEaEaIAQGYAQq4AQfIAQ_YAQHoAQH4AQKIAgGoAgO4Ao2l77wGwAIB0gIkNWZjMDNmOTEtZmI5OC00NTJiLWE2ZTAtZmRhZjhhNGQzZTBi2AIF4AIB&aid=304142&ucfs=1&arphpl=1&checkin=2025-03-22&checkout=2025-03-28&dest_id=-372490&dest_type=city&group_adults=2&req_adults=2&no_rooms=1&group_children=0&req_children=0&hpos=20&hapos=20&sr_order=popularity&srpvid=cd7f88cd780e06dc&srepoch=1738265247&all_sr_blocks=28211001_138953807_0_2_0&highlighted_blocks=28211001_138953807_0_2_0&matching_block_id=28211001_138953807_0_2_0&sr_pri_blocks=28211001_138953807_0_2_0__81628&from=searchresults,"El moderno Hotel Acta Laumon se encuentra a 25 minutos en metro del centro de Barcelona y a solo 200 metros de la estación de metro Sagrera, en Sant Andreu.

Las habitaciones presentan una decoración elegante y disponen de aire acondicionado, TV de plasma, baño privado y El alojamiento tiene WiFi gratuita. Los apartamentos del Hotel Acta Laumon están situados justo enfrente y sus huéspedes tienen acceso a las instalaciones del hotel.

El hotel dispone de un amplio salón para descansar, trabajar o tomar un café.
Además, cuenta con máquinas expendedoras de aperitivos y bebidas disponibles las 24 horas.

El hotel ofrece servicios de información turística y de venta de entradas."
Casa Lit Barcelona,€ 872,"Puntuación: 8,28,2",https://www.booking.com/hotel/es/casa-lit-barcelona-by-ona.es.html?label=gen173nr-1FCAEoggI46AdIClgEaEaIAQGYAQq4AQfIAQ_YAQHoAQH4AQKIAgGoAgO4Ao2l77wGwAIB0gIkNWZjMDNmOTEtZmI5OC00NTJiLWE2ZTAtZmRhZjhhNGQzZTBi2AIF4AIB&aid=304142&ucfs=1&arphpl=1&checkin=2025-03-22&checkout=2025-03-28&dest_id=-372490&dest_type=city&group_adults=2&req_adults=2&no_rooms=1&group_children=0&req_children=0&hpos=21&hapos=21&sr_order=popularity&srpvid=cd7f88cd780e06dc&srepoch=1738265247&all_sr_blocks=24745217_91468713_0_2_0&highlighted_blocks=24745217_91468713_0_2_0&matching_block_id=24745217_91468713_0_2_0&sr_pri_blocks=24745217_91468713_0_2_0__87231&from=searchresults,"La Casa Lit Barcelona está situada a 400 metros de Las Ramblas y ofrece una terraza en la azotea con vistas a la ciudad y al mar. Las habitaciones están equipadas con wifi gratuita y TV de pantalla plana vía satélite.

Alberga un patio donde disfrutar de un desayuno buffet. Todas las habitaciones tienen un diseño abierto e incluyen aire acondicionado.

La Casa Lit Barcelona cuenta con recepción 24 horas y ofrece servicio de reserva de restaurantes, entradas para espectáculos y visitas guiadas por Barcelona. También hay mapas gratuitos de la ciudad a disposición de los huéspedes.

Se encuentra en la zona baja del barrio del Raval, a 700 metros del puerto de Barcelona. Las estaciones de metro de Drassanes y Paral·lel están a 300 metros."
Travelodge Barcelona Poblenou,€ 652,"Puntuación: 7,37,3",https://www.booking.com/hotel/es/travelodge-barcelona-poblenou.es.html?label=gen173nr-1FCAEoggI46AdIClgEaEaIAQGYAQq4AQfIAQ_YAQHoAQH4AQKIAgGoAgO4Ao2l77wGwAIB0gIkNWZjMDNmOTEtZmI5OC00NTJiLWE2ZTAtZmRhZjhhNGQzZTBi2AIF4AIB&aid=304142&ucfs=1&arphpl=1&checkin=2025-03-22&checkout=2025-03-28&dest_id=-372490&dest_type=city&group_adults=2&req_adults=2&no_rooms=1&group_children=0&req_children=0&hpos=22&hapos=22&sr_order=popularity&srpvid=cd7f88cd780e06dc&srepoch=1738265247&all_sr_blocks=44478301_91474839_0_2_0&highlighted_blocks=44478301_91474839_0_2_0&matching_block_id=44478301_91474839_0_2_0&sr_pri_blocks=44478301_91474839_0_2_0__65236&from=searchresults,"Este moderno hotel cuenta con 250 amplias y completamente equipadas habitaciones, un Snack-Bar abierto las 24 horas donde los clientes pueden disfrutar de un desayuno buffet, así como comidas ligeras para el almuerzo y la cena. También dispone de máquinas expendedoras y parking privado de pago. Todas sus instalaciones están perfectamente adaptadas y accesibles para personas con movilidad reducida.
Es un hotel con WiFi de alta velocidad gratuito e ilimitado en las zonas comunes. También disponen de WiFi por un suplemento.
Travelodge Barcelona Poblenou es un hotel pet-friendly que estará encantado de ofrecerte a ti y a tu mascota la mejor experiencia.
Se encuentra en el tradicional barrio de Poblenou, dentro de calles llenas de restaurantes, bares y tiendas. Uno de los barrios con más encanto de la ciudad, ya 600 metros de la playa del Bogatell. Se puede llegar al centro de la ciudad de Barcelona en 10 minutos en metro y el Port Olímpic de Barcelona, con su vibrante vida nocturna, está a solo 20 minutos a pie.
Este es considerado el barrio más innovador de la ciudad. Está en pleno Distrito 22@ y concentra multitud de empresas tecnológicas y de I+D. Por tanto, gracias a su ubicación e instalaciones, también es un alojamiento perfecto para viajes de negocios.
Travelodge Barcelona Poblenou te ofrece todo lo que necesitas para tener la mejor experiencia en la ciudad de Barcelona."
Catalonia Born,€ 925,"Puntuación: 8,78,7",https://www.booking.com/hotel/es/cataloniaborn.es.html?label=gen173nr-1FCAEoggI46AdIClgEaEaIAQGYAQq4AQfIAQ_YAQHoAQH4AQKIAgGoAgO4Ao2l77wGwAIB0gIkNWZjMDNmOTEtZmI5OC00NTJiLWE2ZTAtZmRhZjhhNGQzZTBi2AIF4AIB&aid=304142&ucfs=1&arphpl=1&checkin=2025-03-22&checkout=2025-03-28&dest_id=-372490&dest_type=city&group_adults=2&req_adults=2&no_rooms=1&group_children=0&req_children=0&hpos=23&hapos=23&sr_order=popularity&srpvid=cd7f88cd780e06dc&srepoch=1738265247&all_sr_blocks=9058609_194604655_0_2_0&highlighted_blocks=9058609_194604655_0_2_0&matching_block_id=9058609_194604655_0_2_0&sr_pri_blocks=9058609_194604655_0_2_0__92524&from_sustainable_property_sr=1&from=searchresults,"El Catalonia Born ocupa un edificio del siglo XIX ubicado en el barrio barcelonés del Born y tiene WiFi gratuita, piscina en la azotea y un patio central con encanto. La estación de metro Arc de Triomf queda a 250 metros.

Las habitaciones del Catalonia Born Hotel son de estilo clásico y tienen baño elegante de mármol. También disponen de TV vía satélite y calefacción o aire acondicionado central (según la temporada).

Se sirve un desayuno buffet. El bar cafetería abre para el almuerzo y la cena. También alberga un bar en el vestíbulo.

El hotel se encuentra a solo unos minutos de la estación de Francia y está bien comunicado con el resto de la ciudad y con los alrededores. El mostrador de información turística presta un servicio de alquiler de coches."
Catalonia Sagrada Familia,€ 891,"Puntuación: 8,48,4",https://www.booking.com/hotel/es/cataloniaaragon.es.html?label=gen173nr-1FCAEoggI46AdIClgEaEaIAQGYAQq4AQfIAQ_YAQHoAQH4AQKIAgGoAgO4Ao2l77wGwAIB0gIkNWZjMDNmOTEtZmI5OC00NTJiLWE2ZTAtZmRhZjhhNGQzZTBi2AIF4AIB&aid=304142&ucfs=1&arphpl=1&checkin=2025-03-22&checkout=2025-03-28&dest_id=-372490&dest_type=city&group_adults=2&req_adults=2&no_rooms=1&group_children=0&req_children=0&hpos=24&hapos=24&sr_order=popularity&srpvid=cd7f88cd780e06dc&srepoch=1738265247&all_sr_blocks=9058707_195192282_0_2_0&highlighted_blocks=9058707_195192282_0_2_0&matching_block_id=9058707_195192282_0_2_0&sr_pri_blocks=9058707_195192282_0_2_0__89100&from_sustainable_property_sr=1&from=searchresults,"El Catalonia Sagrada Familia se halla a 15 minutos a pie de la Sagrada Familia de Gaudí y a solo 300 metros de la estación de tren y metro del Clot. Cuenta con restaurante, gimnasio y piscina al aire libre de temporada.

El Catalonia Sagrada Familia presenta una bella decoración tradicional. Las habitaciones incluyen escritorio, nevera pequeña con agua gratuita y caja fuerte. Hay WiFi gratuita.
Todas las habitaciones del hotel están equipadas con Smart TV con la aplicación Chromecast.

El restaurante sirve un desayuno buffet, además de varios platos de la cocina catalana y mediterránea. También hay un bar y una cafetería que sirve bebidas y aperitivos todo el día.

El Catalonia Sagrada Familia presta servicio de alquiler de coches. El personal de la recepción 24 horas proporciona información turística sobre Barcelona. El hotel está a 200 metros de la Torre Agbar.

El centro de la ciudad queda a 4 paradas desde la estación de metro del Clot, donde también para el tren que lleva al aeropuerto."
Praktik Garden,€ 813,"Puntuación: 8,28,2",https://www.booking.com/hotel/es/the-praktik.es.html?label=gen173nr-1FCAEoggI46AdIClgEaEaIAQGYAQq4AQfIAQ_YAQHoAQH4AQKIAgGoAgO4Ao2l77wGwAIB0gIkNWZjMDNmOTEtZmI5OC00NTJiLWE2ZTAtZmRhZjhhNGQzZTBi2AIF4AIB&aid=304142&ucfs=1&arphpl=1&checkin=2025-03-22&checkout=2025-03-28&dest_id=-372490&dest_type=city&group_adults=2&req_adults=2&no_rooms=1&group_children=0&req_children=0&hpos=25&hapos=25&sr_order=popularity&srpvid=cd7f88cd780e06dc&srepoch=1738265247&all_sr_blocks=9450115_351632806_0_0_0&highlighted_blocks=9450115_351632806_0_0_0&matching_block_id=9450115_351632806_0_0_0&sr_pri_blocks=9450115_351632806_0_0_0__81300&from_sustainable_property_sr=1&from=searchresults,"El Praktik Garden alberga una terraza jardín encantadora y está situado a 400 metros del exclusivo Paseo de Gracia de Barcelona. Ofrece habitaciones elegantes, totalmente reformadas en 2015, con suelo de mosaicos de colores, TV de pantalla plana y conexión WiFi gratuita.

A pocos pasos del hotel está la estación de metro Girona, desde donde se puede llegar a la playa de la Barceloneta en 15 minutos. Plaza Cataluña está a 10 minutos a pie del hotel.

Todas las habitaciones del Praktik Garden están equipadas con aire acondicionado y baño moderno con ducha. Algunas tienen balcón.

El hotel dispone de salón y terraza jardín amueblada. Además, hay máquinas expendedoras de bebidas disponibles las 24 horas."
Pensión Iznájar Barcelona,€ 790,"Puntuación: 8,08,0",https://www.booking.com/hotel/es/hostal-iznajar-barcelona.es.html?label=gen173nr-1FCAEoggI46AdIClgEaEaIAQGYAQq4AQfIAQ_YAQHoAQH4AQKIAgGoAgO4Ao2l77wGwAIB0gIkNWZjMDNmOTEtZmI5OC00NTJiLWE2ZTAtZmRhZjhhNGQzZTBi2AIF4AIB&aid=304142&ucfs=1&arphpl=1&checkin=2025-03-22&checkout=2025-03-28&dest_id=-372490&dest_type=city&group_adults=2&req_adults=2&no_rooms=1&group_children=0&req_children=0&hpos=1&hapos=26&sr_order=popularity&srpvid=cd7f88cd780e06dc&srepoch=1738265247&all_sr_blocks=48278609_364978917_2_2_0&highlighted_blocks=48278609_364978917_2_2_0&matching_block_id=48278609_364978917_2_2_0&sr_pri_blocks=48278609_364978917_2_2_0__79000&from=searchresults,"El Pensión Iznájar Barcelona cuenta con recepción 24 horas, consigna de equipaje gratuita y caja fuerte gratuita. Este hostal está en una zona céntrica, a 200 metros de las Ramblas y a 5 minutos a pie de plaza Cataluña.

Las habitaciones están equipadas con aire acondicionado, camas individuales y baño privado con secador de pelo. Tienen TV de pantalla plana. Algunas tienen balcón con vistas a la calle. Se ofrece WiFi gratuita.

El establecimiento ofrece un desayuno continental a diario que incluye zumo, café, té, cruasanes con mantequilla y mermelada. Se sirve en el bar contiguo.

El Pensión Iznájar Barcelona está rodeado de bares, tiendas y restaurantes. A 4 minutos a pie hay un supermercado que abre hasta tarde.

Este céntrico establecimiento se encuentra a 5 minutos a pie del Museo de Arte Contemporáneo de Barcelona MACBA y del mercado de la Boquería. A 800 metros encontrará una parada de autobús con conexiones frecuentes con el aeropuerto."
BCN Urbaness Hotels Bonavista,€ 724,"Puntuación: 7,87,8",https://www.booking.com/hotel/es/bcnurbanbonavista.es.html?label=gen173nr-1FCAEoggI46AdIClgEaEaIAQGYAQq4AQfIAQ_YAQHoAQH4AQKIAgGoAgO4Ao2l77wGwAIB0gIkNWZjMDNmOTEtZmI5OC00NTJiLWE2ZTAtZmRhZjhhNGQzZTBi2AIF4AIB&aid=304142&ucfs=1&arphpl=1&checkin=2025-03-22&checkout=2025-03-28&dest_id=-372490&dest_type=city&group_adults=2&req_adults=2&no_rooms=1&group_children=0&req_children=0&hpos=2&hapos=27&sr_order=popularity&srpvid=cd7f88cd780e06dc&srepoch=1738265247&all_sr_blocks=9339502_341945128_0_0_0&highlighted_blocks=9339502_341945128_0_0_0&matching_block_id=9339502_341945128_0_0_0&sr_pri_blocks=9339502_341945128_0_0_0__72435&from=searchresults,"El BCN Urbaness Hotels Bonavista se encuentra en Barcelona, a 400 metros de La Pedrera y a menos de 1 km de la Casa Batlló. Este establecimiento ofrece recepción 24 horas, mostrador de información turística y wifi gratuita en todas las instalaciones. El establecimiento ofrece habitaciones familiares.

Todas las habitaciones tienen baño privado. Algunas también incluyen balcón (según disponibilidad) y otras ofrecen vistas a la ciudad.

El hostal se halla cerca de lugares de interés populares, como el Passeig de Gràcia, la Sagrada Familia y el Teatro Tívoli. El aeropuerto más cercano es el de Barcelona El Prat, ubicado a 13 km del BCN Urbaness Hotels Bonavista."
Exe Mitre,€ 735,"Puntuación: 8,38,3",https://www.booking.com/hotel/es/mitre.es.html?label=gen173nr-1FCAEoggI46AdIClgEaEaIAQGYAQq4AQfIAQ_YAQHoAQH4AQKIAgGoAgO4Ao2l77wGwAIB0gIkNWZjMDNmOTEtZmI5OC00NTJiLWE2ZTAtZmRhZjhhNGQzZTBi2AIF4AIB&aid=304142&ucfs=1&arphpl=1&checkin=2025-03-22&checkout=2025-03-28&dest_id=-372490&dest_type=city&group_adults=2&req_adults=2&no_rooms=1&group_children=0&req_children=0&hpos=3&hapos=28&sr_order=popularity&srpvid=cd7f88cd780e06dc&srepoch=1738265247&all_sr_blocks=9008303_91462634_2_2_0&highlighted_blocks=9008303_91462634_2_2_0&matching_block_id=9008303_91462634_2_2_0&sr_pri_blocks=9008303_91462634_2_2_0__73463&from_sustainable_property_sr=1&from=searchresults,"El Exe Mitre goza de una ubicación tranquila en el barrio de San Gervasi de Barcelona, ​​a 200 metros del parque del Putxet. Ofrece habitaciones amplias y WiFi gratuita.

El amplio desayuno buffet incluye platos fríos y calientes. Además, el atento personal estará encantado de recomendarle restaurantes y bares de la zona.

Las elegantes habitaciones del Exe Mitre presentan una decoración clásica y están equipadas con TV de pantalla plana. Algunas también tienen una terraza con vistas a la montaña del Tibidado.

El Exe Mitre está a solo 15 minutos a pie del famoso Park Güell de Gaudí y a 200 metros de la estación de ferrocarril de Putxet, que conecta con el Passeig de Gràcia en solo 6 minutos. La plaza Catalunya y las Ramblas quedan a 8 minutos en metro."
ibis Styles Barcelona City Bogatell,€ 989,"Puntuación: 8,48,4",https://www.booking.com/hotel/es/ibis-styles-barcelona-city-bogatell.es.html?label=gen173nr-1FCAEoggI46AdIClgEaEaIAQGYAQq4AQfIAQ_YAQHoAQH4AQKIAgGoAgO4Ao2l77wGwAIB0gIkNWZjMDNmOTEtZmI5OC00NTJiLWE2ZTAtZmRhZjhhNGQzZTBi2AIF4AIB&aid=304142&ucfs=1&arphpl=1&checkin=2025-03-22&checkout=2025-03-28&dest_id=-372490&dest_type=city&group_adults=2&req_adults=2&no_rooms=1&group_children=0&req_children=0&hpos=4&hapos=29&sr_order=popularity&srpvid=cd7f88cd780e06dc&srepoch=1738265247&all_sr_blocks=189690301_376288917_2_34_0&highlighted_blocks=189690301_376288917_2_34_0&matching_block_id=189690301_376288917_2_34_0&sr_pri_blocks=189690301_376288917_2_34_0__98900&from_sustainable_property_sr=1&from=searchresults,"El ibis Styles Barcelona City Bogatell se encuentra en Barcelona, a 900 metros del Puerto Olímpico, y ofrece aparcamiento privado y WiFi gratuita. Este hotel alberga una piscina al aire libre, un parque infantil y un bar.

Se proporciona TV.

Este hotel dispone de una recepción 24 horas.

El hotel también tiene mesa de ping pong y un servicio de préstamo de bicicletas. El ibis Styles Barcelona City Bogatell se halla a 1,5 km del Museo Picasso y a 1,8 km de la catedral de Barcelona. Además, el aeropuerto más cercano al ibis Styles Barcelona City Bogatell es el de Barcelona El Prat, situado a 15 km."
Casa Bella Gracia by Aspasios,€ 798,"Puntuación: 8,58,5",https://www.booking.com/hotel/es/casa-bella-gracia.es.html?label=gen173nr-1FCAEoggI46AdIClgEaEaIAQGYAQq4AQfIAQ_YAQHoAQH4AQKIAgGoAgO4Ao2l77wGwAIB0gIkNWZjMDNmOTEtZmI5OC00NTJiLWE2ZTAtZmRhZjhhNGQzZTBi2AIF4AIB&aid=304142&ucfs=1&arphpl=1&checkin=2025-03-22&checkout=2025-03-28&dest_id=-372490&dest_type=city&group_adults=2&req_adults=2&no_rooms=1&group_children=0&req_children=0&hpos=5&hapos=30&sr_order=popularity&srpvid=cd7f88cd780e06dc&srepoch=1738265247&all_sr_blocks=50544403_368866134_2_0_0&highlighted_blocks=50544403_368866134_2_0_0&matching_block_id=50544403_368866134_2_0_0&sr_pri_blocks=50544403_368866134_2_0_0__79764&from=searchresults,"Casa Bella Gracia by Aspasios is less than 5 minutes’ walk from Passeig de Gràcia and Diagonal Avenue. This boutique hotel features 11 attractive rooms.

Our accommodation has been completely renewed in December 2023. The modern furnishings of the rooms, designed by interior design experts, and every detail have been carefully selected to offer you a unique experience during your stay in Barcelona.

Each room at Casa Bella Gracia by Aspasios has contemporary décor finished in sand colours. All rooms have air conditioning, a flat-screen TV and free Wi-Fi, as well as a kettle, a coffee machine and a safety box, and there is a shared terrace available for all guests.


A range of cafés, bars and restaurants can be found in the surrounding Gràcia district. The charming squares at Plaza del Sol and Plaza de la Vila de Gràcia can be reached in 10 minutes by foot.

Diagonal Metro Station is just 400 metres away and is 3 stops from Plaza de Catalunya and Las Ramblas. Gaudí’s La Pedrera is less than 10 minutes’ walk from the Bella Gracia."
The Moods Oasis,€ 946,"Puntuación: 8,68,6",https://www.booking.com/hotel/es/the-moods-oasis-barcelona.es.html?label=gen173nr-1FCAEoggI46AdIClgEaEaIAQGYAQq4AQfIAQ_YAQHoAQH4AQKIAgGoAgO4Ao2l77wGwAIB0gIkNWZjMDNmOTEtZmI5OC00NTJiLWE2ZTAtZmRhZjhhNGQzZTBi2AIF4AIB&aid=304142&ucfs=1&arphpl=1&checkin=2025-03-22&checkout=2025-03-28&dest_id=-372490&dest_type=city&group_adults=2&req_adults=2&no_rooms=1&group_children=0&req_children=0&hpos=6&hapos=31&sr_order=popularity&srpvid=cd7f88cd780e06dc&srepoch=1738265247&all_sr_blocks=575403801_344926216_2_2_0&highlighted_blocks=575403801_344926216_2_2_0&matching_block_id=575403801_344926216_2_2_0&sr_pri_blocks=575403801_344926216_2_2_0__94600&from=searchresults,"The Moods Oasis, que tiene terraza, está en la región de Cataluña, Barcelona, a 7 min a pie de Paseo de Gracia y a 1,1 km de La Pedrera. Este hotel de 3 estrellas ofrece centro de fitness y tiene habitaciones con aire acondicionado, wifi gratis y baño privado. El alojamiento dispone de servicio de habitaciones, servicio de conserjería y servicio de organización de tours.

Las unidades de este alojamiento están equipadas con TV de pantalla plana y caja fuerte. En el hotel, las habitaciones disponen de ropa de cama y toallas.

En The Moods Oasis se puede disfrutar de un desayuno buffet o continental.

El personal habla catalán, inglés, español y francés, y estará encantado de dar consejos sobre la zona en recepción.

Casa Batlló está a 18 min a pie del alojamiento, y Estación de metro Passeig de Gràcia está a 1,8 km. El aeropuerto (Aeropuerto de Barcelona - El Prat) está a 13 km."
La França Travellers Adults Only,€ 708,"Puntuación: 8,38,3",https://www.booking.com/hotel/es/la-franca.es.html?label=gen173nr-1FCAEoggI46AdIClgEaEaIAQGYAQq4AQfIAQ_YAQHoAQH4AQKIAgGoAgO4Ao2l77wGwAIB0gIkNWZjMDNmOTEtZmI5OC00NTJiLWE2ZTAtZmRhZjhhNGQzZTBi2AIF4AIB&aid=304142&ucfs=1&arphpl=1&checkin=2025-03-22&checkout=2025-03-28&dest_id=-372490&dest_type=city&group_adults=2&req_adults=2&no_rooms=1&group_children=0&req_children=0&hpos=7&hapos=32&sr_order=popularity&srpvid=cd7f88cd780e06dc&srepoch=1738265247&all_sr_blocks=90125605_91941905_0_2_0_670423&highlighted_blocks=90125605_91941905_0_2_0_670423&matching_block_id=90125605_91941905_0_2_0_670423&sr_pri_blocks=90125605_91941905_0_2_0_670423_70755&from=searchresults,"La França Travellers se encuentra junto a Montjiuic, a 10 minutos a pie de la plaza de España y la Fira de Barcelona. Ofrece aparcamiento privado gratuito y conexión WiFi gratis. La recepción abre las 24 horas.

Este establecimiento solo para adultos presenta una decoración moderna y dispone de habitaciones con aire acondicionado y TV de pantalla plana vía satélite. También hay baño privado con secador de pelo y artículos de aseo gratuitos. Todas las suites tienen bañera de hidromasaje, mientras que algunas incluyen cama redonda.

En las calles de los alrededores hay varios bares y restaurantes.

A solo 500 metros hay una parada de autobús con servicios regulares al aeropuerto."
Hotel Ronda Lesseps,€ 781,"Puntuación: 8,68,6",https://www.booking.com/hotel/es/rondalessepsbarcelona.es.html?label=gen173nr-1FCAEoggI46AdIClgEaEaIAQGYAQq4AQfIAQ_YAQHoAQH4AQKIAgGoAgO4Ao2l77wGwAIB0gIkNWZjMDNmOTEtZmI5OC00NTJiLWE2ZTAtZmRhZjhhNGQzZTBi2AIF4AIB&aid=304142&ucfs=1&arphpl=1&checkin=2025-03-22&checkout=2025-03-28&dest_id=-372490&dest_type=city&group_adults=2&req_adults=2&no_rooms=1&group_children=0&req_children=0&hpos=8&hapos=33&sr_order=popularity&srpvid=cd7f88cd780e06dc&srepoch=1738265247&all_sr_blocks=9156625_356518978_0_2_0&highlighted_blocks=9156625_356518978_0_2_0&matching_block_id=9156625_356518978_0_2_0&sr_pri_blocks=9156625_356518978_0_2_0__78120&from_sustainable_property_sr=1&from=searchresults,"El Hotel Ronda Lesseps es un establecimiento tranquilo y familiar con 2 hermosas terrazas interiores llenas de plantas que permiten a los huéspedes relajarse durante su estancia en la ciudad.

El hotel está situado en el corazón metropolitano de Barcelona, muy bien comunicado en transporte público, muy cerca del histórico barrio de Gràcia y a solo 10 minutos a pie del parque Güell de Antoni Gaudí.

Número de licencia: HB-004338"
Hotel Via Augusta,€ 841,"Puntuación: 8,48,4",https://www.booking.com/hotel/es/viaaugusta.es.html?label=gen173nr-1FCAEoggI46AdIClgEaEaIAQGYAQq4AQfIAQ_YAQHoAQH4AQKIAgGoAgO4Ao2l77wGwAIB0gIkNWZjMDNmOTEtZmI5OC00NTJiLWE2ZTAtZmRhZjhhNGQzZTBi2AIF4AIB&aid=304142&ucfs=1&arphpl=1&checkin=2025-03-22&checkout=2025-03-28&dest_id=-372490&dest_type=city&group_adults=2&req_adults=2&no_rooms=1&group_children=0&req_children=0&hpos=9&hapos=34&sr_order=popularity&srpvid=cd7f88cd780e06dc&srepoch=1738265247&all_sr_blocks=9098503_0_2_0_0&highlighted_blocks=9098503_0_2_0_0&matching_block_id=9098503_0_2_0_0&sr_pri_blocks=9098503_0_2_0_0__84132&from_sustainable_property_sr=1&from=searchresults,"El Hotel Via Augusta está situado junto a la estación FGC de Gracia. Dispone de una terraza en la azotea con vistas de Barcelona. Ofrece habitaciones funcionales con aire acondicionado, conexión inalámbrica a internet gratuita y TV vía satélite con pantalla plana.

El Vía Augusta ocupa un edificio histórico con un original recibidor. Las habitaciones presentan una decoración sencilla y moderna y tienen suelos de madera. Incluyen escritorio, caja fuerte y cuarto de baño con secador de pelo.

El hotel sirve un variado desayuno bufé, y también hay una máquina expendedora de bebidas. A un paseo de 5 minutos, en el popular barrio de Gracia, encontrará una amplia gama de bares y restaurantes.

El Hotel Via Augusta está a 400 m de la estación de metro de Fontana. El parque Güell está a sólo 1 parada de metro. Plaza Catalunya y Las Ramblas están a un trayecto de 5 minutos desde la cercana estación de Gracia."
NH Sants Barcelona,€ 804,"Puntuación: 8,68,6",https://www.booking.com/hotel/es/nh-sants-barcelona.es.html?label=gen173nr-1FCAEoggI46AdIClgEaEaIAQGYAQq4AQfIAQ_YAQHoAQH4AQKIAgGoAgO4Ao2l77wGwAIB0gIkNWZjMDNmOTEtZmI5OC00NTJiLWE2ZTAtZmRhZjhhNGQzZTBi2AIF4AIB&aid=304142&ucfs=1&arphpl=1&checkin=2025-03-22&checkout=2025-03-28&dest_id=-372490&dest_type=city&group_adults=2&req_adults=2&no_rooms=1&group_children=0&req_children=0&hpos=10&hapos=35&sr_order=popularity&srpvid=cd7f88cd780e06dc&srepoch=1738265247&all_sr_blocks=9076202_93709023_0_2_0&highlighted_blocks=9076202_93709023_0_2_0&matching_block_id=9076202_93709023_0_2_0&sr_pri_blocks=9076202_93709023_0_2_0__80416&from_sustainable_property_sr=1&from=searchresults,"El NH Sants Barcelona está situado a 400 metros de la estación de Sants de Barcelona y ofrece habitaciones modernas con aire acondicionado, wifi gratuita, TV de pantalla plana y baño privado.

El hotel tiene un restaurante que sirve cocina mediterránea fresca. Hay un bar cafetería de ambiente relajado. Los huéspedes también pueden disfrutar de un desayuno saludable. El restaurante permanece cerrado durante los meses de verano.

El NH Sants Barcelona se encuentra en una zona tranquila de Les Corts, el distrito financiero de Barcelona, a menos de 15 minutos en metro del centro de Barcelona. Se puede llegar al estadio de fútbol del FC Barcelona desde la estación de metro de Sants, situada a 300 metros."
Hostal Levante Barcelona,€ 684,"Puntuación: 7,97,9",https://www.booking.com/hotel/es/hostal-levante-s-c-p.es.html?label=gen173nr-1FCAEoggI46AdIClgEaEaIAQGYAQq4AQfIAQ_YAQHoAQH4AQKIAgGoAgO4Ao2l77wGwAIB0gIkNWZjMDNmOTEtZmI5OC00NTJiLWE2ZTAtZmRhZjhhNGQzZTBi2AIF4AIB&aid=304142&ucfs=1&arphpl=1&checkin=2025-03-22&checkout=2025-03-28&dest_id=-372490&dest_type=city&group_adults=2&req_adults=2&no_rooms=1&group_children=0&req_children=0&hpos=11&hapos=36&sr_order=popularity&srpvid=cd7f88cd780e06dc&srepoch=1738265247&all_sr_blocks=33401105_403974233_0_0_0&highlighted_blocks=33401105_403974233_0_0_0&matching_block_id=33401105_403974233_0_0_0&sr_pri_blocks=33401105_403974233_0_0_0__68400&from=searchresults,"El Hostal Levante Barcelona está situado a solo 3 minutos a pie de la famosa Rambla de Barcelona y ​ofrece WiFi gratuita y recepción 24 horas. Las habitaciones cuentan con aire acondicionado, calefacción, baño privado, ventilador y escritorio.

El Hostal Levante Barcelona alberga una máquina expendedora de bebidas y está cerca de muchas cafeterías y restaurantes. 

El establecimiento ofrece consigna de equipaje, caja fuerte y personal multilingüe que puede proporcionar información sobre qué ver y hacer en Barcelona. La animada Plaza Real se encuentra a solo 100 metros."
B Hotel,€ 942,"Puntuación: 8,68,6",https://www.booking.com/hotel/es/bhotel.es.html?label=gen173nr-1FCAEoggI46AdIClgEaEaIAQGYAQq4AQfIAQ_YAQHoAQH4AQKIAgGoAgO4Ao2l77wGwAIB0gIkNWZjMDNmOTEtZmI5OC00NTJiLWE2ZTAtZmRhZjhhNGQzZTBi2AIF4AIB&aid=304142&ucfs=1&arphpl=1&checkin=2025-03-22&checkout=2025-03-28&dest_id=-372490&dest_type=city&group_adults=2&req_adults=2&no_rooms=1&group_children=0&req_children=0&hpos=12&hapos=37&sr_order=popularity&srpvid=cd7f88cd780e06dc&srepoch=1738265247&all_sr_blocks=9119801_88190738_0_2_0&highlighted_blocks=9119801_88190738_0_2_0&matching_block_id=9119801_88190738_0_2_0&sr_pri_blocks=9119801_88190738_0_2_0__94233&from_sustainable_property_sr=1&from=searchresults,"Este hotel de diseño está a solo 150 metros de la plaza España y frente al centro comercial Las Arenas. Cuenta con una piscina en la 8ª planta y un solárium que ofrece vistas espectaculares a Montjuïc.

Las habitaciones del B Hotel tienen aire acondicionado, son amplias y están insonorizadas. Además, todas incluyen WiFi gratuita y están decoradas con obras de arte contemporáneas. Todas las habitaciones disponen de hervidor eléctrico y carta de almohadas.

En el B Bar se sirven tapas modernas y una amplia selección de vinos españoles. El servicio de habitaciones también está disponible en el bar y en la zona de la piscina.

La estación de metro de Plaza Espanya está a 200 metros del hotel, mientras que el centro de exposiciones Fira de Barcelona se encuentra a solo 250 metros. Además, la Fuente Mágica de Montjuïc queda a unos 5 minutos a pie."
Hotel Sant Agustí,€ 868,"Puntuación: 8,08,0",https://www.booking.com/hotel/es/san-agustin.es.html?label=gen173nr-1FCAEoggI46AdIClgEaEaIAQGYAQq4AQfIAQ_YAQHoAQH4AQKIAgGoAgO4Ao2l77wGwAIB0gIkNWZjMDNmOTEtZmI5OC00NTJiLWE2ZTAtZmRhZjhhNGQzZTBi2AIF4AIB&aid=304142&ucfs=1&arphpl=1&checkin=2025-03-22&checkout=2025-03-28&dest_id=-372490&dest_type=city&group_adults=2&req_adults=2&no_rooms=1&group_children=0&req_children=0&hpos=13&hapos=38&sr_order=popularity&srpvid=cd7f88cd780e06dc&srepoch=1738265247&all_sr_blocks=0_0_2_0_0&highlighted_blocks=0_0_2_0_0&matching_block_id=0_0_2_0_0&sr_pri_blocks=0_0_2_0_0__86797&from=searchresults,"El Sant Agustí, inaugurado en 1840, ocupa un convento restaurado situado a solo 150 metros del famoso paseo de La Rambla de Barcelona. Ofrece habitaciones funcionales con conexión WiFi gratuita, aire acondicionado y TV de pantalla plana vía satélite.

Las habitaciones del Hotel Sant Agustí presentan un diseño sencillo y moderno con suelo de madera e incluyen caja fuerte. Algunas tienen balcón privado, mientras que todas disponen de baño con artículos de aseo y secador de pelo.

El Sant Agustí sirve un desayuno buffet continental todos los días.

En la planta baja encontrará diversos ordenadores de uso gratuito. La recepción permanece abierta las 24 horas.

El hotel se halla en una plaza de ambiente tranquilo, a 2 minutos a pie de la estación de metro de Liceu y del mercado La Boquería. La plaza de Catalunya, ubicada a menos de 700 metros, ofrece numerosas conexiones de tren y autobús, incluidos enlaces directos con el aeropuerto."
Hotel Nouvel,€ 876,"Puntuación: 8,08,0",https://www.booking.com/hotel/es/nouvel.es.html?label=gen173nr-1FCAEoggI46AdIClgEaEaIAQGYAQq4AQfIAQ_YAQHoAQH4AQKIAgGoAgO4Ao2l77wGwAIB0gIkNWZjMDNmOTEtZmI5OC00NTJiLWE2ZTAtZmRhZjhhNGQzZTBi2AIF4AIB&aid=304142&ucfs=1&arphpl=1&checkin=2025-03-22&checkout=2025-03-28&dest_id=-372490&dest_type=city&group_adults=2&req_adults=2&no_rooms=1&group_children=0&req_children=0&hpos=14&hapos=39&sr_order=popularity&srpvid=cd7f88cd780e06dc&srepoch=1738265247&all_sr_blocks=9065417_0_2_0_0&highlighted_blocks=9065417_0_2_0_0&matching_block_id=9065417_0_2_0_0&sr_pri_blocks=9065417_0_2_0_0__87636&from=searchresults,"El Hotel Nouvel ofrece habitaciones con aire acondicionado, WiFi gratuita y un restaurante, y se encuentra en una calle peatonal, a solo 100 metros de la plaza de Cataluña de Barcelona y Las Ramblas.

Este hotel está ubicado en un edificio del siglo XIX y está decorado con techos ornamentados, lámparas de cristal y bronce fundido, y suelos de mármol.

Las habitaciones están equipadas con TV de pantalla plana, ventanas de doble acristalamiento y baño privado con bañera o ducha y secador de pelo. Se ofrece servicio de alquiler de caja fuerte.

El restaurante del hotel, La Lluna, sirve platos de cocina mediterránea. También hay máquinas expendedoras de aperitivos, hielo y bebidas.

En la recepción, abierta las 24 horas, hay servicios de alquiler de coches, lavandería y venta de entradas. Se ofrece consigna de equipaje y una sala de lectura con 2 ordenadores.

El Hotel Nouvel se encuentra a solo 2 minutos a pie de la calle comercial Portal del Ángel y a 10 minutos a pie de la catedral de Barcelona y el barrio Gótico."
Hotel Rialto,€ 804,"Puntuación: 8,58,5",https://www.booking.com/hotel/es/rialto.es.html?label=gen173nr-1FCAEoggI46AdIClgEaEaIAQGYAQq4AQfIAQ_YAQHoAQH4AQKIAgGoAgO4Ao2l77wGwAIB0gIkNWZjMDNmOTEtZmI5OC00NTJiLWE2ZTAtZmRhZjhhNGQzZTBi2AIF4AIB&aid=304142&ucfs=1&arphpl=1&checkin=2025-03-22&checkout=2025-03-28&dest_id=-372490&dest_type=city&group_adults=2&req_adults=2&no_rooms=1&group_children=0&req_children=0&hpos=15&hapos=40&sr_order=popularity&srpvid=cd7f88cd780e06dc&srepoch=1738265247&all_sr_blocks=9435101_0_2_0_0&highlighted_blocks=9435101_0_2_0_0&matching_block_id=9435101_0_2_0_0&sr_pri_blocks=9435101_0_2_0_0__80447&from=searchresults,"Este elegante hotel, situado justo al lado de las famosas Ramblas de Barcelona, ocupa un edificio histórico donde nació el artista Joan Miró. Las habitaciones del Hotel Rialto tienen aire acondicionado y TV de pantalla plana.

Cada habitación del Hotel Rialto presenta suelos de madera y un diseño sencillo y funcional. Los modernos cuartos de baño incluyen artículos de tocador básicos. Es posible alquilar una caja fuerte.

Los huéspedes pueden disfrutar de un variado desayuno bufé y de deliciosas comidas mediterráneas en el restaurante Miró del Rialto. También hay muchos restaurantes y animados bares en las calles circundantes.

La recepción 24 horas del Rialto ofrece información sobre la ciudad. El mercado de la Boquería y la catedral de Barcelona están a 400 metros. La estación de metro de Liceu se halla a solo 300 metros y la plaza de Cataluña, a 10 minutos a pie del hotel."
Acta Voraport,€ 1.221,"Puntuación: 8,88,8",https://www.booking.com/hotel/es/acta-voraport.es.html?label=gen173nr-1FCAEoggI46AdIClgEaEaIAQGYAQq4AQfIAQ_YAQHoAQH4AQKIAgGoAgO4Ao2l77wGwAIB0gIkNWZjMDNmOTEtZmI5OC00NTJiLWE2ZTAtZmRhZjhhNGQzZTBi2AIF4AIB&aid=304142&ucfs=1&arphpl=1&checkin=2025-03-22&checkout=2025-03-28&dest_id=-372490&dest_type=city&group_adults=2&req_adults=2&no_rooms=1&group_children=0&req_children=0&hpos=16&hapos=41&sr_order=popularity&srpvid=cd7f88cd780e06dc&srepoch=1738265247&all_sr_blocks=543679302_217443299_0_1_0&highlighted_blocks=543679302_217443299_0_1_0&matching_block_id=543679302_217443299_0_1_0&sr_pri_blocks=543679302_217443299_0_1_0__122090&from=searchresults,"Acta Voraport está en Barcelona, a 10 min a pie de Platja del Bogatell, y dispone de alojamiento con piscina al aire libre, parking privado, terraza y restaurante. Este hotel de 3 estrellas ofrece bar y tiene habitaciones con aire acondicionado, wifi gratis y baño privado. El alojamiento ofrece cajero automático, servicio de conserjería y servicio de organización de tours.

En el hotel, cada habitación está equipada con escritorio y TV de pantalla plana. En Acta Voraport, cada habitación cuenta con ropa de cama y toallas.

En el alojamiento se sirve todas las mañanas un desayuno buffet.

En la recepción 24 horas se hablan varios idiomas, como catalán, inglés, español y francés.

Cerca del alojamiento hay puntos de interés como Playa de la Mar Bella, Platja de la Nova Icària y Platja del Somorrostro. El aeropuerto (Aeropuerto de Barcelona - El Prat) está a 15 km."
Mihlton Barcelona Boutique B&B,€ 776,"Puntuación: 8,78,7",https://www.booking.com/hotel/es/mihlton-barcelona.es.html?label=gen173nr-1FCAEoggI46AdIClgEaEaIAQGYAQq4AQfIAQ_YAQHoAQH4AQKIAgGoAgO4Ao2l77wGwAIB0gIkNWZjMDNmOTEtZmI5OC00NTJiLWE2ZTAtZmRhZjhhNGQzZTBi2AIF4AIB&aid=304142&ucfs=1&arphpl=1&checkin=2025-03-22&checkout=2025-03-28&dest_id=-372490&dest_type=city&group_adults=2&req_adults=2&no_rooms=1&group_children=0&req_children=0&hpos=17&hapos=42&sr_order=popularity&srpvid=cd7f88cd780e06dc&srepoch=1738265247&all_sr_blocks=54286010_0_2_0_0&highlighted_blocks=54286010_0_2_0_0&matching_block_id=54286010_0_2_0_0&sr_pri_blocks=54286010_0_2_0_0__77612&from=searchresults,"Mihlton Barcelona Boutique B&B está en el centro de Barcelona, a 4 min a pie de Paseo de Gracia y a 400 metros de La Pedrera. Ofrece alojamiento con wifi gratis, aire acondicionado y acceso a un jardín con terraza.

El bed and breakfast ofrece TV de pantalla plana y baño privado con artículos de aseo gratuitos, secador de pelo y ducha. Algunas unidades disponen de zona de estar y/o balcón.

El desayuno diario ofrece opciones buffet, continentales o inglesas/irlandesas.

Cerca del alojamiento hay puntos de interés como Casa Batlló, Estación de metro Passeig de Gràcia y Teatro Tívoli. El aeropuerto (Aeropuerto de Barcelona - El Prat) está a 13 km."
Som Nit Port Vell,€ 820,"Puntuación: 8,58,5",https://www.booking.com/hotel/es/hostal-miramar.es.html?label=gen173nr-1FCAEoggI46AdIClgEaEaIAQGYAQq4AQfIAQ_YAQHoAQH4AQKIAgGoAgO4Ao2l77wGwAIB0gIkNWZjMDNmOTEtZmI5OC00NTJiLWE2ZTAtZmRhZjhhNGQzZTBi2AIF4AIB&aid=304142&ucfs=1&arphpl=1&checkin=2025-03-22&checkout=2025-03-28&dest_id=-372490&dest_type=city&group_adults=2&req_adults=2&no_rooms=1&group_children=0&req_children=0&hpos=18&hapos=43&sr_order=popularity&srpvid=cd7f88cd780e06dc&srepoch=1738265247&all_sr_blocks=9732206_353503979_2_0_0&highlighted_blocks=9732206_353503979_2_0_0&matching_block_id=9732206_353503979_2_0_0&sr_pri_blocks=9732206_353503979_2_0_0__82030&from=searchresults,"Som Nit Port Vell está en Barcelona, a 15 min a pie de Platja de la Barceloneta y a 2,9 km de Platja de la Nova Icària, y dispone de wifi gratis en todo el alojamiento. El alojamiento está cerca de Santa María del Mar, de Museo Picasso y de Plaza Real. El alojamiento está a 1,2 km del centro de la ciudad y a 14 min a pie de Platja de Sant Miquel.

El hostal o pensión ofrece habitaciones con aire acondicionado, escritorio, caja fuerte, TV de pantalla plana, balcón y baño privado con ducha. En Som Nit Port Vell, cada habitación cuenta con ropa de cama y toallas.

Cerca del alojamiento hay puntos de interés como Paseo de Gracia, Palacio de la Música Catalana y Teatro Tívoli. El aeropuerto (Aeropuerto de Barcelona - El Prat) está a 13 km, y el alojamiento ofrece servicio de traslado de pago para ir o volver del aeropuerto."
Zenit Barcelona,€ 839,"Puntuación: 8,28,2",https://www.booking.com/hotel/es/zenitbarna.es.html?label=gen173nr-1FCAEoggI46AdIClgEaEaIAQGYAQq4AQfIAQ_YAQHoAQH4AQKIAgGoAgO4Ao2l77wGwAIB0gIkNWZjMDNmOTEtZmI5OC00NTJiLWE2ZTAtZmRhZjhhNGQzZTBi2AIF4AIB&aid=304142&ucfs=1&arphpl=1&checkin=2025-03-22&checkout=2025-03-28&dest_id=-372490&dest_type=city&group_adults=2&req_adults=2&no_rooms=1&group_children=0&req_children=0&hpos=19&hapos=44&sr_order=popularity&srpvid=cd7f88cd780e06dc&srepoch=1738265247&all_sr_blocks=9009902_252942648_2_42_0&highlighted_blocks=9009902_252942648_2_42_0&matching_block_id=9009902_252942648_2_42_0&sr_pri_blocks=9009902_252942648_2_42_0__83873&from=searchresults,"El Zenit Barcelona está situado en Barcelona, a 250 metros de la plaza Francesc Macià de la avenida Diagonal. Este hotel moderno ofrece habitaciones elegantes e insonorizadas con aire acondicionado, WiFi gratuita y carta de almohadas.

El Zenit está a 15 minutos a pie del paseo de Gracia, donde se encuentran La Pedrera y la Casa Batlló de Gaudí. La plaza de Cataluña y Las Ramblas están a otros 15 minutos a pie.

Las habitaciones del Zenit Barcelona están equipadas con TV vía satélite, caja fuerte, minibar, escritorio, hervidor de agua con set de té y café gratuito y baño privado con secador de pelo.

El restaurante del Zenit Hotel elabora platos gourmet españoles e internacionales y sirve un desayuno especial sin gluten y menús para niños. Además, prepara almuerzos para llevar y presta servicio de habitaciones bajo petición.

El establecimiento dispone de recepción 24 horas, mostrador de información turística y servicio de lavandería, planchado y limpieza en seco. Hay un aparcamiento de pago a 10 minutos a pie."
Catalonia Atenas,€ 935,"Puntuación: 8,38,3",https://www.booking.com/hotel/es/cataloniatenas.es.html?label=gen173nr-1FCAEoggI46AdIClgEaEaIAQGYAQq4AQfIAQ_YAQHoAQH4AQKIAgGoAgO4Ao2l77wGwAIB0gIkNWZjMDNmOTEtZmI5OC00NTJiLWE2ZTAtZmRhZjhhNGQzZTBi2AIF4AIB&aid=304142&ucfs=1&arphpl=1&checkin=2025-03-22&checkout=2025-03-28&dest_id=-372490&dest_type=city&group_adults=2&req_adults=2&no_rooms=1&group_children=0&req_children=0&hpos=20&hapos=45&sr_order=popularity&srpvid=cd7f88cd780e06dc&srepoch=1738265247&all_sr_blocks=9059407_372580272_0_2_0&highlighted_blocks=9059407_372580272_0_2_0&matching_block_id=9059407_372580272_0_2_0&sr_pri_blocks=9059407_372580272_0_2_0__93524&from_sustainable_property_sr=1&from=searchresults,"El Atenas Catalonia está situado a 3 paradas de metro del centro de Barcelona y tiene una piscina en la azotea con vistas a la cercana torre Agbar y a la Sagrada Familia. Ofrece wifi gratuita y alberga un gimnasio y un spa con baño turco.

Las habitaciones del Hotel Atenas Barcelona son sencillas y luminosas y cuentan con suelo de madera. Todas tienen aire acondicionado, minibar y TV vía satélite.

El desayuno buffet del hotel cuenta con cocina a la vista y el Gastrobar ofrece cócteles y platos mediterráneos. También hay una piscina en la planta 11 con vistas espectaculares a la ciudad.

Este hotel se encuentra a poco más de 1 km de la Sagrada Familia y a 15 minutos a pie del centro comercial Glòries.

El Catalonia Atenas proporciona parking, presta servicio de equipaje y está a 2 minutos a pie de la estación de metro de Clot y a 200 metros de la estación de tren de Clot, desde donde salen trenes directos al aeropuerto de Barcelona."
ApartEasy - Gracia Apartments,€ 914,"Puntuación: 7,17,1",https://www.booking.com/hotel/es/gracia-barcelona2.es.html?label=gen173nr-1FCAEoggI46AdIClgEaEaIAQGYAQq4AQfIAQ_YAQHoAQH4AQKIAgGoAgO4Ao2l77wGwAIB0gIkNWZjMDNmOTEtZmI5OC00NTJiLWE2ZTAtZmRhZjhhNGQzZTBi2AIF4AIB&aid=304142&ucfs=1&arphpl=1&checkin=2025-03-22&checkout=2025-03-28&dest_id=-372490&dest_type=city&group_adults=2&req_adults=2&no_rooms=1&group_children=0&req_children=0&hpos=21&hapos=46&sr_order=popularity&srpvid=cd7f88cd780e06dc&srepoch=1738265247&all_sr_blocks=78323823_363411732_3_0_0&highlighted_blocks=78323823_363411732_3_0_0&matching_block_id=78323823_363411732_3_0_0&sr_pri_blocks=78323823_363411732_3_0_0__91448&from=searchresults,"El Apart Easy Gracia cuenta con conexión Wi-Fi gratuita y está situado en el barrio barcelonés de Gracia, a 400 metros del Paseo de Gracia y de La Pedrera de Gaudí. Ofrece apartamentos modernos con aire acondicionado.

Los apartamentos tienen suelo de madera, zona de estar con sofá y TV, y zona de cocina con horno, microondas y lavadora. El baño incluye ducha.

Algunos apartamentos disponen de terraza privada con vistas a la ciudad. A 5 minutos a pie se pueden encontrar numerosos supermercados, bares y restaurantes.

Plaça Catalunya y la famosa Sagrada Familia están a 20 minutos a pie. La estación de metro Diagonal comunica con el centro histórico y se encuentra a 400 metros."
Occidental Barcelona 1929,€ 1.016,"Puntuación: 8,88,8",https://www.booking.com/hotel/es/ona-hotels-terra.es.html?label=gen173nr-1FCAEoggI46AdIClgEaEaIAQGYAQq4AQfIAQ_YAQHoAQH4AQKIAgGoAgO4Ao2l77wGwAIB0gIkNWZjMDNmOTEtZmI5OC00NTJiLWE2ZTAtZmRhZjhhNGQzZTBi2AIF4AIB&aid=304142&ucfs=1&arphpl=1&checkin=2025-03-22&checkout=2025-03-28&dest_id=-372490&dest_type=city&group_adults=2&req_adults=2&no_rooms=1&group_children=0&req_children=0&hpos=22&hapos=47&sr_order=popularity&srpvid=cd7f88cd780e06dc&srepoch=1738265247&all_sr_blocks=509109921_175423472_2_2_0&highlighted_blocks=509109921_175423472_2_2_0&matching_block_id=509109921_175423472_2_2_0&sr_pri_blocks=509109921_175423472_2_2_0__101550&from=searchresults,"Occidental Barcelona 1929 dispone de piscina de temporada al aire libre, centro de fitness, terraza y bar en Barcelona. Todas las opciones de alojamiento de este hotel de 3 estrellas tienen vistas a la ciudad y wifi gratis. Este alojamiento libre de humo se encuentra a 7 min a pie de Fuente Mágica de Montjuïc.

El hotel ofrece habitaciones con aire acondicionado, armario, hervidor, minibar, caja fuerte, TV de pantalla plana y baño privado con ducha. En Occidental Barcelona 1929, todas las habitaciones incluyen ropa de cama y toallas.

En el alojamiento se puede disfrutar de un desayuno buffet.

En la recepción 24 horas se habla catalán, inglés, español y francés, y el personal está dispuesto a ayudar en cualquier momento.

Estación de tren de Sants está a 12 min a pie del alojamiento, y Palau Sant Jordi está a 1,7 km. El aeropuerto (Aeropuerto de Barcelona - El Prat) está a 10 km."
Catalonia Passeig de Gràcia 4* Sup,€ 1.295,"Puntuación: 9,19,1",https://www.booking.com/hotel/es/catalonia-passeig-de-gra-cia.es.html?label=gen173nr-1FCAEoggI46AdIClgEaEaIAQGYAQq4AQfIAQ_YAQHoAQH4AQKIAgGoAgO4Ao2l77wGwAIB0gIkNWZjMDNmOTEtZmI5OC00NTJiLWE2ZTAtZmRhZjhhNGQzZTBi2AIF4AIB&aid=304142&ucfs=1&arphpl=1&checkin=2025-03-22&checkout=2025-03-28&dest_id=-372490&dest_type=city&group_adults=2&req_adults=2&no_rooms=1&group_children=0&req_children=0&hpos=23&hapos=48&sr_order=popularity&srpvid=cd7f88cd780e06dc&srepoch=1738265247&all_sr_blocks=49301501_194581876_0_2_0&highlighted_blocks=49301501_194581876_0_2_0&matching_block_id=49301501_194581876_0_2_0&sr_pri_blocks=49301501_194581876_0_2_0__129524&from_sustainable_property_sr=1&from=searchresults,"El Catalonia Passeig de Gràcia 4* Sup se encuentra en Barcelona, junto al paseo de Gracia, y ofrece piscina al aire libre, gimnasio gratuito, terraza, WiFi gratuita y aparcamiento privado de pago.

Todas las habitaciones del Catalonia Passeig de Gràcia 4* Sup incluyen Smart TV con aplicación Chromecast.

El restaurante sirve cocina mediterránea y una selección de platos del menú Gourmet Corner. Se preparan menús sin gluten bajo petición.

También hay un gastrobar y un bar con carta de cócteles. El establecimiento cuenta con estación de carga para vehículos eléctricos.

El alojamiento está situado a 500 metros de la Casa Batlló de Gaudí, a 200 metros de la estación de metro Passeig de Gràcia, a 13 minutos a pie de La Pedrera y a 7 minutos a pie del Palau de la Música Catalana. El alojamiento está ubicado a 350 metros de la parada del autobús del aeropuerto.

El establecimiento se halla a 350 metros de la plaza Catalunya, donde paran los autobuses del aeropuerto."
Charmsuites Paralel,€ 973,"Puntuación: 7,77,7",https://www.booking.com/hotel/es/charmsuites-com.es.html?label=gen173nr-1FCAEoggI46AdIClgEaEaIAQGYAQq4AQfIAQ_YAQHoAQH4AQKIAgGoAgO4Ao2l77wGwAIB0gIkNWZjMDNmOTEtZmI5OC00NTJiLWE2ZTAtZmRhZjhhNGQzZTBi2AIF4AIB&aid=304142&ucfs=1&arphpl=1&checkin=2025-03-22&checkout=2025-03-28&dest_id=-372490&dest_type=city&group_adults=2&req_adults=2&no_rooms=1&group_children=0&req_children=0&hpos=24&hapos=49&sr_order=popularity&srpvid=cd7f88cd780e06dc&srepoch=1738265247&all_sr_blocks=35963001_392276155_2_0_0&highlighted_blocks=35963001_392276155_2_0_0&matching_block_id=35963001_392276155_2_0_0&sr_pri_blocks=35963001_392276155_2_0_0__97256&from=searchresults,"El Charmsuites Paralel se encuentra junto a la estación de metro de Parallel y al teatro Victoria y ofrece apartamentos elegantes y bien equipados con conexión Wi-Fi gratuita. Los alojamientos además tienen cocina y aire acondicionado.

Los apartamentos, de nueva construcción, son amplios y presentan una decoración atractiva y moderna. Todos incluyen amplia zona de estar con sofá cama y TV de pantalla plana, así como cocina o zona de cocina con vitrocerámica, horno, hervidor y cafetera.

En las inmediaciones hay tiendas, cafeterías y bares. El cercano barrio del Raval y la zona de Las Ramblas, a 10 minutos a pie, cuentan con muchos restaurantes.

El Charmsuites Paralel está a poco más de 1 km del puerto deportivo de Port Vell y a 15 minutos a pie del centro de exposiciones Fira de Barcelona. El funicular, que permite el acceso a la colina Montjuic, sale desde la estación de Parallel."
Catalonia Rigoletto,€ 915,"Puntuación: 8,58,5",https://www.booking.com/hotel/es/rigoletto.es.html?label=gen173nr-1FCAEoggI46AdIClgEaEaIAQGYAQq4AQfIAQ_YAQHoAQH4AQKIAgGoAgO4Ao2l77wGwAIB0gIkNWZjMDNmOTEtZmI5OC00NTJiLWE2ZTAtZmRhZjhhNGQzZTBi2AIF4AIB&aid=304142&ucfs=1&arphpl=1&checkin=2025-03-22&checkout=2025-03-28&dest_id=-372490&dest_type=city&group_adults=2&req_adults=2&no_rooms=1&group_children=0&req_children=0&hpos=25&hapos=50&sr_order=popularity&srpvid=cd7f88cd780e06dc&srepoch=1738265247&all_sr_blocks=2980011_194584998_0_2_0&highlighted_blocks=2980011_194584998_0_2_0&matching_block_id=2980011_194584998_0_2_0&sr_pri_blocks=2980011_194584998_0_2_0__91524&from_sustainable_property_sr=1&from=searchresults,"El Catalonia Rigoletto es elegante y se halla a 500 metros del estadio Camp Nou (donde juega sus partidos como local el F.C. Barcelona) y a 5 minutos a pie de la estación de metro María Cristina. Tiene piscina al aire libre y habitaciones con WiFi gratuita y TV de pantalla plana.

Las habitaciones del hotel Rigoletto son amplias, están equipadas con aire acondicionado y presentan una decoración con mobiliario de madera oscura y tejidos de lujo. Además, disponen de TV vía satélite, minibar, caja fuerte y teléfono inteligente de uso gratuito.

Se sirve un desayuno buffet en el comedor. El restaurante La Traviata es elegante y propone platos de la cocina mediterránea. Este hotel también alberga un bar donde se exponen obras de arte con encanto.

Lugares de interés como Las Ramblas o la Casa Batlló de Gaudí quedan a 15 minutos en metro. El hotel Rigoletto se encuentra a solo 1,5 km de la estación de tren de Sants, que ofrece un servicio de enlace con el aeropuerto."
